date,event_id,start_time,home_abbr,away_abbr,selection,odds,model_prob,implied_prob,value,stake,status,payout,profit,actual_outcome,created_at,updated_at
2025-12-05,BOS-STL-2025-12-05,2025-12-05T01:00:00+01:00,BOS,STL,home,2.65,0.461,0.37736,0.22165,100.0,won,265.0,165.0,home,2025-12-04T08:48:28.383157,2025-12-05T11:10:10.674074
2025-12-05,CAR-TOR-2025-12-05,2025-12-05T01:00:00+01:00,CAR,TOR,away,3.3,0.372,0.30303,0.2276,100.0,won,330.0,230.0,away,2025-12-04T08:48:28.383137,2025-12-05T11:10:10.674195
2025-12-05,FLA-NSH-2025-12-05,2025-12-05T01:00:00+01:00,FLA,NSH,away,3.35,0.447,0.29851,0.49745,100.0,lost,0.0,-100.0,draw,2025-12-04T08:48:28.383089,2025-12-05T11:10:10.674243
2025-12-05,TBL-PIT-2025-12-05,2025-12-05T01:00:00+01:00,TBL,PIT,away,3.35,0.455,0.29851,0.52425,100.0,won,335.0,235.0,away,2025-12-04T08:48:28.383113,2025-12-05T11:10:10.674285
2025-12-05,LAK-CHI-2025-12-05,2025-12-05T04:00:00+01:00,LAK,CHI,away,3.8,0.382,0.26316,0.4516,100.0,won,380.0,280.0,away,2025-12-04T13:21:19.633568,2025-12-05T11:10:10.674402
2025-12-06,NJD-VGK-2025-12-06,2025-12-06T01:00:00+01:00,NJD,VGK,draw,3.9,0.314,0.25641,0.2246,100.0,lost,0.0,-100.0,away,2025-12-05T10:04:36.013264,2025-12-06T08:34:00.671381
2025-12-06,VAN-UTA-2025-12-06,2025-12-06T03:00:00+01:00,VAN,UTA,draw,3.95,0.342,0.25316,0.3509,100.0,lost,0.0,-100.0,away,2025-12-05T10:04:36.013279,2025-12-06T13:07:00.360065
2025-12-07,LAK-CHI-2025-12-07,2025-12-07T03:00:00+01:00,LAK,CHI,away,3.5,0.382,0.28571,0.337,100.0,won,350.0,250.0,away,2025-12-06T13:13:45.214100,2025-12-07T08:33:08.671238
2025-12-09,TOR-TBL-2025-12-09,2025-12-09T01:30:00+01:00,TOR,TBL,draw,3.9,0.326,0.25641,0.2714,100.0,lost,0.0,-100.0,home,2025-12-08T08:41:15.974008,2025-12-09T08:40:01.298299
2025-12-10,MTL-TBL-2025-12-10,2025-12-10T01:00:00+01:00,MTL,TBL,draw,3.9,0.317,0.25641,0.2363,100.0,lost,0.0,-100.0,away,2025-12-09T08:40:21.389432,2025-12-10T08:38:29.678112
2025-12-10,NYI-VGK-2025-12-10,2025-12-10T01:00:00+01:00,NYI,VGK,draw,3.9,0.363,0.25641,0.4157,100.0,won,390.0,290.0,draw,2025-12-09T08:40:21.389441,2025-12-10T08:38:29.678145
2025-12-10,EDM-BUF-2025-12-10,2025-12-10T03:00:00+01:00,EDM,BUF,away,3.8,0.348,0.26316,0.3224,100.0,lost,0.0,-100.0,draw,2025-12-09T08:40:21.389482,2025-12-10T08:38:29.678273
2025-12-11,CGY-DET-2025-12-11,2025-12-11T02:30:00+01:00,CGY,DET,draw,3.95,0.362,0.25316,0.4299,100.0,lost,0.0,-100.0,away,2025-12-10T22:29:46.218261,2025-12-11T08:38:59.665101
2025-12-11,UTA-FLA-2025-12-11,2025-12-11T03:00:00+01:00,UTA,FLA,draw,3.9,0.328,0.25641,0.2792,100.0,lost,0.0,-100.0,away,2025-12-10T23:08:51.919382,2025-12-11T08:38:59.665123
2025-12-12,WSH-CAR-2025-12-12,2025-12-12T01:00:00+01:00,WSH,CAR,draw,3.95,0.308,0.25316,0.2166,100.0,won,395.0,295.0,draw,2025-12-11T08:39:19.790873,2025-12-12T08:39:21.140171
2025-12-12,TOR-SJS-2025-12-12,2025-12-12T01:00:00+01:00,TOR,SJS,away,3.4,0.376,0.29412,0.2784,100.0,lost,0.0,-100.0,draw,2025-12-11T08:39:19.790887,2025-12-12T08:39:21.140212
2025-12-12,NSH-STL-2025-12-12,2025-12-12T02:00:00+01:00,NSH,STL,draw,3.9,0.316,0.25641,0.2324,100.0,lost,0.0,-100.0,home,2025-12-11T08:39:19.790909,2025-12-12T08:39:21.140259
2025-12-12,MIN-DAL-2025-12-12,2025-12-12T02:00:00+01:00,MIN,DAL,home,2.6,0.49,0.38462,0.274,100.0,won,260.0,160.0,home,2025-12-11T08:39:19.790916,2025-12-12T08:39:21.140281
2025-12-13,STL-CHI-2025-12-13,2025-12-13T02:00:00+01:00,STL,CHI,draw,3.95,0.336,0.25316,0.3272,100.0,lost,0.0,-100.0,home,2025-12-12T08:39:36.695437,2025-12-13T08:33:57.567750
2025-12-13,NYI-TBL-2025-12-13,2025-12-13T21:30:00+01:00,NYI,TBL,draw,3.95,0.323,0.25316,0.27585,100.0,won,395.0,295.0,draw,2025-12-13T08:34:14.447175,2025-12-14T08:34:52.386975
2025-12-14,WPG-WSH-2025-12-14,2025-12-14T01:00:00+01:00,WPG,WSH,draw,3.95,0.344,0.25316,0.3588,100.0,lost,0.0,-100.0,home,2025-12-13T08:34:14.447183,2025-12-14T08:34:52.737650
2025-12-14,PHI-CAR-2025-12-14,2025-12-14T01:00:00+01:00,PHI,CAR,draw,3.95,0.373,0.25316,0.47335,100.0,won,395.0,295.0,draw,2025-12-13T08:34:14.447191,2025-12-14T08:34:52.737972
2025-12-14,PIT-UTA-2025-12-14,2025-12-14T21:00:00+01:00,PIT,UTA,home,2.6,0.515,0.38462,0.339,100.0,lost,0.0,-100.0,draw,2025-12-14T08:35:08.301690,2025-12-15T08:42:14.815770
2025-12-14,CAR-PHI-2025-12-14,2025-12-14T23:00:00+01:00,CAR,PHI,away,3.95,0.308,0.25316,0.2166,100.0,lost,0.0,-100.0,draw,2025-12-14T08:35:08.301700,2025-12-15T08:42:14.815808
2025-12-17,TOR-CHI-2025-12-17,2025-12-17T01:00:00+01:00,TOR,CHI,away,3.55,0.35,0.28169,0.2425,100.0,lost,0.0,-100.0,home,2025-12-16T08:41:07.305290,2025-12-17T08:40:06.319946
2025-12-17,BOS-UTA-2025-12-17,2025-12-17T01:00:00+01:00,BOS,UTA,home,2.35,0.539,0.42553,0.26665,100.0,won,235.0,135.0,home,2025-12-16T08:41:07.305298,2025-12-17T08:40:06.319965
2025-12-18,NSH-CAR-2025-12-18,2025-12-18T02:00:00+01:00,NSH,CAR,home,3.1,0.396,0.32258,0.2276,100.0,lost,0.0,-100.0,away,2025-12-17T08:40:27.057768,2025-12-18T08:39:15.366178
2025-12-18,STL-WPG-2025-12-18,2025-12-18T02:00:00+01:00,STL,WPG,home,2.75,0.46,0.36364,0.265,100.0,won,275.0,175.0,home,2025-12-17T08:40:27.057781,2025-12-18T08:39:15.366210
2025-12-19,CBJ-MIN-2025-12-19,2025-12-19T01:00:00+01:00,CBJ,MIN,away,2.25,0.57,0.44444,0.2825,100.0,won,225.0,125.0,away,2025-12-18T08:39:35.133595,2025-12-19T08:38:58.547096
2025-12-19,MTL-CHI-2025-12-19,2025-12-19T01:00:00+01:00,MTL,CHI,away,3.2,0.43,0.3125,0.376,100.0,lost,0.0,-100.0,home,2025-12-18T08:39:35.133665,2025-12-19T08:38:58.547434
2025-12-20,WSH-DET-2025-12-20,2025-12-20T18:30:00+01:00,WSH,DET,away,2.95,0.434,0.33898,0.2803,100.0,won,295.0,195.0,away,2025-12-20T08:34:47.816193,2025-12-21T08:34:52.070671
2025-12-22,BOS-OTT-2025-12-22,2025-12-22T01:00:00+01:00,BOS,OTT,home,2.6,0.475,0.38462,0.235,100.0,lost,0.0,-100.0,away,2025-12-21T08:35:08.250832,2025-12-22T08:40:26.881798
2025-12-22,DAL-TOR-2025-12-22,2025-12-22T01:00:00+01:00,DAL,TOR,away,3.3,0.428,0.30303,0.4124,100.0,lost,0.0,-100.0,home,2025-12-21T08:35:08.250844,2025-12-22T08:40:26.881824
2025-12-23,TBL-STL-2025-12-23,2025-12-23T01:00:00+01:00,TBL,STL,away,3.95,0.386,0.25316,0.5247,100.0,lost,0.0,-100.0,home,2025-12-22T08:40:40.996213,2025-12-23T08:39:19.378952
2025-12-28,WPG-MIN-2025-12-28,2025-12-28T01:00:00+01:00,WPG,MIN,away,2.4,0.565,0.41667,0.356,100.0,lost,0.0,-100.0,draw,2025-12-27T08:35:55.517880,2025-12-28T08:35:51.550831
2025-12-28,FLA-TBL-2025-12-28,2025-12-28T01:00:00+01:00,FLA,TBL,draw,3.95,0.309,0.25316,0.22055,100.0,lost,0.0,-100.0,away,2025-12-27T08:35:55.517887,2025-12-28T08:35:51.550863
2025-12-28,CAR-DET-2025-12-28,2025-12-28T01:00:00+01:00,CAR,DET,away,3.35,0.361,0.29851,0.20935,100.0,lost,0.0,-100.0,home,2025-12-27T08:35:55.517901,2025-12-28T08:35:51.550916
2025-12-28,VGK-COL-2025-12-28,2025-12-28T04:00:00+01:00,VGK,COL,home,2.85,0.482,0.35088,0.3737,100.0,lost,0.0,-100.0,draw,2025-12-27T08:35:55.517959,2025-12-28T08:35:51.551103
2025-12-30,OTT-CBJ-2025-12-30,2025-12-30T01:00:00+01:00,OTT,CBJ,away,3.75,0.342,0.26667,0.2825,100.0,won,375.0,275.0,away,2025-12-29T08:41:39.161985,2025-12-30T08:39:05.285317
2025-12-31,CHI-NYI-2025-12-31,2025-12-31T02:30:00+01:00,CHI,NYI,home,2.75,0.448,0.36364,0.232,100.0,lost,0.0,-100.0,draw,2025-12-30T08:39:20.846933,2025-12-31T08:39:00.137087
2026-01-01,EDM-BOS-2026-01-01,2026-01-01T03:30:00+01:00,EDM,BOS,away,3.25,0.371,0.30769,0.20575,100.0,won,325.0,225.0,away,2025-12-31T08:39:22.445713,2026-01-01T08:38:24.307188
2026-01-01,NYI-UTA-2026-01-01,2026-01-01T21:00:00+01:00,NYI,UTA,draw,3.9,0.315,0.25641,0.2285,100.0,lost,0.0,-100.0,away,2026-01-01T08:38:40.940502,2026-01-02T08:38:55.791048
2026-01-03,STL-MTL-2026-01-03,2026-01-03T22:00:00+01:00,STL,MTL,home,2.55,0.494,0.39216,0.2597,100.0,won,255.0,155.0,home,2026-01-03T08:36:50.284117,2026-01-04T08:37:33.777252
2026-01-03,SJS-TBL-2026-01-03,2026-01-03T22:00:00+01:00,SJS,TBL,home,3.3,0.384,0.30303,0.2672,100.0,lost,0.0,-100.0,away,2026-01-03T08:36:50.284124,2026-01-04T08:37:33.777282
2026-01-04,DAL-MTL-2026-01-04,2026-01-04T20:00:00+01:00,DAL,MTL,away,3.7,0.356,0.27027,0.3172,100.0,lost,0.0,-100.0,draw,2026-01-04T08:37:49.525461,2026-01-05T08:44:21.606877
2026-01-07,NYI-NJD-2026-01-07,2026-01-07T01:30:00+01:00,NYI,NJD,home,2.45,0.524,0.40816,0.2838,100.0,won,245.0,145.0,home,2026-01-06T08:41:19.280566,2026-01-07T08:40:53.511794
2026-01-07,EDM-NSH-2026-01-07,2026-01-07T03:00:00+01:00,EDM,NSH,away,3.0,0.402,0.33333,0.206,100.0,lost,0.0,-100.0,home,2026-01-06T08:41:19.280581,2026-01-07T08:40:53.511851
2026-01-09,PIT-NJD-2026-01-09,2026-01-09T01:00:00+01:00,PIT,NJD,draw,3.85,0.322,0.25974,0.2397,100.0,lost,0.0,-100.0,home,2026-01-08T08:40:59.270591,2026-01-09T08:40:41.098037
2026-01-09,CAR-ANA-2026-01-09,2026-01-09T01:00:00+01:00,CAR,ANA,away,3.7,0.358,0.27027,0.3246,100.0,lost,0.0,-100.0,home,2026-01-08T08:40:59.270618,2026-01-09T08:40:41.098122
2026-01-10,CHI-WSH-2026-01-10,2026-01-10T02:00:00+01:00,CHI,WSH,home,2.8,0.431,0.35714,0.2068,100.0,lost,0.0,-100.0,away,2026-01-09T08:41:00.223067,2026-01-10T08:35:35.135876
2026-01-10,SJS-DAL-2026-01-10,2026-01-10T22:00:00+01:00,SJS,DAL,home,3.1,0.419,0.32258,0.29926,100.0,lost,0.0,-100.0,draw,2026-01-10T08:35:49.857145,2026-01-11T08:36:19.524126
2026-01-11,PHI-TBL-2026-01-11,2026-01-11T01:00:00+01:00,PHI,TBL,home,2.9,0.421,0.34483,0.21945,100.0,lost,0.0,-100.0,away,2026-01-10T08:35:49.857190,2026-01-11T08:36:19.836669
2026-01-11,NSH-CHI-2026-01-11,2026-01-11T02:00:00+01:00,NSH,CHI,away,3.4,0.368,0.29412,0.25175,100.0,won,340.0,240.0,away,2026-01-10T08:35:49.857201,2026-01-11T08:36:19.836934
2026-01-11,WPG-NJD-2026-01-11,2026-01-11T20:00:00+01:00,WPG,NJD,draw,3.85,0.336,0.25974,0.29317,100.0,lost,0.0,-100.0,home,2026-01-11T08:36:35.380554,2026-01-12T08:42:49.916053
2026-01-11,BOS-PIT-2026-01-11,2026-01-11T23:00:00+01:00,BOS,PIT,draw,3.9,0.319,0.25641,0.24304,100.0,lost,0.0,-100.0,home,2026-01-11T08:36:35.380572,2026-01-12T08:42:49.916339
2026-01-16,PIT-PHI-2026-01-16,2026-01-16T01:00:00+01:00,PIT,PHI,away,3.0,0.403,0.33333,0.20869,100.0,lost,0.0,-100.0,home,2026-01-15T17:29:29.661930,2026-01-16T08:40:02.391789
2026-01-16,BUF-MTL-2026-01-16,2026-01-16T01:00:00+01:00,BUF,MTL,home,2.5,0.469,0.4,0.17198,100.0,won,250.0,150.0,home,2026-01-15T17:44:54.228820,2026-01-16T08:40:02.392034
2026-01-17,DET-SJS-2026-01-17,2026-01-17T01:00:00+01:00,DET,SJS,away,3.45,0.385,0.28986,0.32995,100.0,lost,0.0,-100.0,home,2026-01-16T08:40:17.867535,2026-01-17T08:35:18.579016
2026-01-17,UTA-SEA-2026-01-17,2026-01-17T23:00:00+01:00,UTA,SEA,away,3.3,0.352,0.30303,0.16052,100.0,lost,0.0,-100.0,home,2026-01-17T08:35:35.820907,2026-01-18T08:35:47.694508
2026-01-19,COL-WSH-2026-01-19,2026-01-19T22:00:00+01:00,COL,WSH,away,3.75,0.429,0.26667,0.61007,100.0,lost,0.0,-100.0,home,2026-01-19T08:43:43.395548,2026-01-20T08:42:59.575932
2026-01-19,SEA-PIT-2026-01-19,2026-01-19T23:00:00+01:00,SEA,PIT,home,2.45,0.499,0.40816,0.22293,100.0,lost,0.0,-100.0,away,2026-01-19T08:43:43.395564,2026-01-20T08:42:59.576195
2026-01-20,FLA-SJS-2026-01-20,2026-01-20T00:00:00+01:00,FLA,SJS,away,3.2,0.398,0.3125,0.27509,100.0,won,320.0,220.0,away,2026-01-19T08:43:43.395575,2026-01-20T08:42:59.900359
2026-01-20,CGY-NJD-2026-01-20,2026-01-20T03:00:00+01:00,CGY,NJD,home,2.5,0.52,0.4,0.29955,100.0,lost,0.0,-100.0,draw,2026-01-19T08:43:43.395593,2026-01-20T08:42:59.900621
2026-01-21,DAL-BOS-2026-01-21,2026-01-21T01:30:00+01:00,DAL,BOS,away,3.05,0.413,0.32787,0.25995,100.0,lost,0.0,-100.0,home,2026-01-20T08:43:20.482726,2026-01-21T08:41:35.884087
2026-01-22,UTA-PHI-2026-01-22,2026-01-22T03:00:00+01:00,UTA,PHI,away,3.05,0.418,0.32787,0.27422,100.0,lost,0.0,-100.0,draw,2026-01-21T08:41:56.692727,2026-01-22T08:43:32.792320
2026-01-24,CGY-WSH-2026-01-24,2026-01-24T03:00:00+01:00,CGY,WSH,home,2.7,0.46,0.37037,0.24299,100.0,lost,0.0,-100.0,away,2026-01-23T08:41:03.034752,2026-01-24T08:36:19.778412
2026-01-25,BOS-MTL-2026-01-25,2026-01-25T01:00:00+01:00,BOS,MTL,home,2.2,0.543,0.45455,0.1954,100.0,won,220.0,120.0,home,2026-01-24T08:36:41.320159,2026-01-25T08:36:50.934168
2026-01-25,TOR-COL-2026-01-25,2026-01-25T19:30:00+01:00,TOR,COL,home,3.1,0.445,0.32258,0.38057,100.0,lost,0.0,-100.0,away,2026-01-25T08:37:07.089963,2026-01-26T08:43:50.576398
2026-01-25,SEA-NJD-2026-01-25,2026-01-25T21:00:00+01:00,SEA,NJD,home,2.45,0.546,0.40816,0.33813,100.0,won,245.0,145.0,home,2026-01-25T08:37:07.089983,2026-01-26T08:43:50.576683
2026-01-26,VAN-PIT-2026-01-26,2026-01-26T00:00:00+01:00,VAN,PIT,draw,3.95,0.33,0.25316,0.30429,100.0,lost,0.0,-100.0,away,2026-01-25T08:37:07.089995,2026-01-26T08:43:50.979557
2026-01-26,CHI-FLA-2026-01-26,2026-01-26T01:00:00+01:00,CHI,FLA,home,2.75,0.418,0.36364,0.15068,100.0,lost,0.0,-100.0,away,2026-01-25T08:37:07.090010,2026-01-26T08:43:50.979834
2026-01-28,STL-DAL-2026-01-28,2026-01-28T02:00:00+01:00,STL,DAL,home,2.85,0.428,0.35088,0.2198,100.0,lost,0.0,-100.0,away,2026-01-27T08:43:48.743487,2026-01-28T08:42:54.786878
2026-01-29,OTT-COL-2026-01-29,2026-01-29T01:30:00+01:00,OTT,COL,home,2.85,0.436,0.35088,0.24395,100.0,won,285.0,185.0,home,2026-01-28T08:43:10.354936,2026-01-29T08:52:56.929212
2026-01-30,PIT-CHI-2026-01-30,2026-01-30T01:00:00+01:00,PIT,CHI,away,3.15,0.4,0.31746,0.25912,100.0,lost,0.0,-100.0,home,2026-01-29T08:53:14.217857,2026-01-30T08:51:58.549205
2026-01-30,TBL-WPG-2026-01-30,2026-01-30T01:00:00+01:00,TBL,WPG,away,3.3,0.404,0.30303,0.33212,100.0,lost,0.0,-100.0,home,2026-01-29T08:53:14.217879,2026-01-30T08:51:58.549488
2026-01-30,DET-WSH-2026-01-30,2026-01-30T01:30:00+01:00,DET,WSH,draw,3.85,0.299,0.25974,0.15013,100.0,won,385.0,285.0,draw,2026-01-29T08:53:14.217890,2026-01-30T08:51:58.549528
2026-01-30,STL-FLA-2026-01-30,2026-01-30T02:00:00+01:00,STL,FLA,home,2.85,0.44,0.35088,0.25509,100.0,won,285.0,185.0,home,2026-01-29T08:53:14.217900,2026-01-30T08:51:58.549561
2026-01-30,MIN-CGY-2026-01-30,2026-01-30T02:00:00+01:00,MIN,CGY,away,3.4,0.368,0.29412,0.25179,100.0,lost,0.0,-100.0,home,2026-01-29T08:53:14.217912,2026-01-30T08:51:58.549589
2026-01-30,EDM-SJS-2026-01-30,2026-01-30T03:00:00+01:00,EDM,SJS,away,3.8,0.366,0.26316,0.391,100.0,lost,0.0,-100.0,draw,2026-01-29T08:53:14.217922,2026-01-30T08:51:58.549615
2026-01-31,DET-COL-2026-01-31,2026-01-31T19:00:00+01:00,DET,COL,home,2.8,0.458,0.35714,0.28204,100.0,lost,0.0,-100.0,away,2026-01-31T08:40:30.812577,2026-02-01T08:42:08.864011
2026-02-01,EDM-MIN-2026-02-01,2026-02-01T04:00:00+01:00,EDM,MIN,away,2.7,0.43,0.37037,0.16066,100.0,won,270.0,170.0,away,2026-01-31T08:40:30.812637,2026-02-01T08:42:09.240060
2026-02-02,ANA-VGK-2026-02-02,2026-02-02T03:30:00+01:00,ANA,VGK,draw,3.9,0.328,0.25641,0.28066,100.0,lost,0.0,-100.0,home,2026-02-01T08:42:28.274665,2026-02-02T08:56:03.646987
2026-02-03,DAL-WPG-2026-02-03,2026-02-03T02:30:00+01:00,DAL,WPG,away,3.05,0.403,0.32787,0.23004,100.0,lost,0.0,-100.0,draw,2026-02-02T08:56:20.598886,2026-02-03T08:51:38.557755
2026-02-03,COL-DET-2026-02-03,2026-02-03T03:00:00+01:00,COL,DET,away,3.8,0.352,0.26316,0.3374,100.0,won,380.0,280.0,away,2026-02-02T08:56:20.598906,2026-02-03T08:51:38.558019
2026-02-04,NJD-CBJ-2026-02-04,2026-02-04T01:00:00+01:00,NJD,CBJ,draw,3.8,0.351,0.26316,0.33361,100.0,lost,0.0,-100.0,away,2026-02-03T08:52:00.664515,2026-02-04T08:55:24.024194
2026-02-04,TBL-BUF-2026-02-04,2026-02-04T01:30:00+01:00,TBL,BUF,away,3.85,0.315,0.25974,0.21271,100.0,lost,0.0,-100.0,draw,2026-02-03T08:52:00.664537,2026-02-04T08:55:24.024482
2026-02-04,EDM-TOR-2026-02-04,2026-02-04T02:30:00+01:00,EDM,TOR,away,3.35,0.377,0.29851,0.262,100.0,won,335.0,235.0,away,2026-02-03T08:52:00.664548,2026-02-04T08:55:24.024522
2026-02-05,DAL-STL-2026-02-05,2026-02-05T03:30:00+01:00,DAL,STL,away,3.55,0.401,0.28169,0.42323,100.0,lost,0.0,-100.0,home,2026-02-04T08:55:40.917948,2026-02-05T08:55:43.649252
2026-02-06,BUF-PIT-2026-02-06,2026-02-06T01:00:00+01:00,BUF,PIT,home,2.1,0.567,0.47619,0.19084,100.0,lost,0.0,-100.0,away,2026-02-05T08:56:04.853281,2026-02-06T08:55:36.641283
2026-02-06,WSH-NSH-2026-02-06,2026-02-06T01:00:00+01:00,WSH,NSH,away,3.05,0.39,0.32787,0.18996,100.0,lost,0.0,-100.0,home,2026-02-05T08:56:04.853297,2026-02-06T08:55:36.641537
2026-02-06,TBL-FLA-2026-02-06,2026-02-06T01:30:00+01:00,TBL,FLA,away,3.15,0.377,0.31746,0.18649,100.0,lost,0.0,-100.0,home,2026-02-05T08:56:04.853316,2026-02-06T08:55:36.641570
2026-02-26,TBL-TOR-2026-02-26,2026-02-26T01:30:00+01:00,TBL,TOR,away,3.5,0.341,0.28571,0.19289,100.0,lost,0.0,-100.0,home,2026-02-25T09:00:09.944490,2026-02-26T08:58:53.233645
2026-02-27,CAR-TBL-2026-02-27,2026-02-27T01:00:00+01:00,CAR,TBL,away,2.75,0.434,0.36364,0.19487,100.0,lost,0.0,-100.0,home,2026-02-26T08:59:14.115635,2026-02-27T08:52:54.857322
2026-02-27,BOS-CBJ-2026-02-27,2026-02-27T01:00:00+01:00,BOS,CBJ,home,2.25,0.529,0.44444,0.19021,100.0,won,225.0,125.0,home,2026-02-26T08:59:14.115654,2026-02-27T08:52:54.857571
2026-02-27,NYR-PHI-2026-02-27,2026-02-27T02:00:00+01:00,NYR,PHI,home,2.15,0.546,0.46512,0.17439,100.0,lost,0.0,-100.0,draw,2026-02-26T08:59:14.115665,2026-02-27T08:52:54.857601
2026-02-28,SJS-EDM-2026-02-28,2026-02-28T22:00:00+01:00,SJS,EDM,home,2.8,0.477,0.35714,0.33696,100.0,won,280.0,180.0,home,2026-02-28T08:39:12.393417,2026-03-01T08:40:27.568000
2026-03-01,TOR-OTT-2026-03-01,2026-03-01T01:00:00+01:00,TOR,OTT,home,2.4,0.498,0.41667,0.19584,100.0,lost,0.0,-100.0,away,2026-02-28T08:39:12.393446,2026-03-01T08:40:27.948290
2026-03-01,TBL-BUF-2026-03-01,2026-03-01T01:00:00+01:00,TBL,BUF,away,3.95,0.429,0.25316,0.69595,100.0,won,395.0,295.0,away,2026-02-28T08:39:12.393461,2026-03-01T08:40:27.948570
2026-03-01,PIT-VGK-2026-03-01,2026-03-01T19:00:00+01:00,PIT,VGK,home,2.8,0.476,0.35714,0.33332,100.0,won,280.0,180.0,home,2026-03-01T08:40:53.691041,2026-03-02T08:56:18.113888
2026-03-02,NYI-FLA-2026-03-02,2026-03-02T00:30:00+01:00,NYI,FLA,home,2.6,0.452,0.38462,0.17609,100.0,won,260.0,160.0,home,2026-03-01T08:40:53.691077,2026-03-02T08:56:18.201304
2026-03-06,WPG-TBL-2026-03-06,2026-03-06T02:00:00+01:00,WPG,TBL,home,3.1,0.421,0.32258,0.30375,100.0,won,310.0,210.0,home,2026-03-05T08:55:44.529543,2026-03-06T08:51:08.029563
2026-03-06,CGY-OTT-2026-03-06,2026-03-06T03:00:00+01:00,CGY,OTT,home,2.9,0.427,0.34483,0.23828,100.0,lost,0.0,-100.0,away,2026-03-05T08:55:44.529563,2026-03-06T08:51:08.029814
2026-03-07,CHI-VAN-2026-03-07,2026-03-07T02:30:00+01:00,CHI,VAN,draw,3.9,0.37,0.25641,0.44281,100.0,lost,0.0,-100.0,away,2026-03-06T08:51:31.783527,2026-03-07T08:40:41.578666
2026-03-07,BUF-NSH-2026-03-07,2026-03-07T23:30:00+01:00,BUF,NSH,away,3.25,0.407,0.30769,0.32432,100.0,lost,0.0,-100.0,home,2026-03-07T08:41:02.188912,2026-03-08T08:40:59.275468
2026-03-08,TOR-TBL-2026-03-08,2026-03-08T01:00:00+01:00,TOR,TBL,home,3.0,0.409,0.33333,0.2262,100.0,lost,0.0,-100.0,away,2026-03-07T08:41:02.188929,2026-03-08T08:40:59.431534
2026-03-08,CBJ-UTA-2026-03-08,2026-03-08T01:00:00+01:00,CBJ,UTA,home,2.35,0.527,0.42553,0.23806,100.0,lost,0.0,-100.0,draw,2026-03-07T08:41:02.188940,2026-03-08T08:40:59.431785
2026-03-08,BUF-TBL-2026-03-08,2026-03-08T23:00:00+01:00,BUF,TBL,home,2.35,0.553,0.42553,0.29972,100.0,won,235.0,135.0,home,2026-03-08T08:41:25.625536,2026-03-09T08:55:53.791413
2026-03-09,VGK-EDM-2026-03-09,2026-03-09T02:30:00+01:00,VGK,EDM,draw,3.95,0.311,0.25316,0.22738,100.0,lost,0.0,-100.0,away,2026-03-08T08:41:25.625561,2026-03-09T08:55:53.844500
2026-03-10,VAN-OTT-2026-03-10,2026-03-10T02:00:00+01:00,VAN,OTT,home,3.45,0.427,0.28986,0.47146,100.0,lost,0.0,-100.0,away,2026-03-09T08:56:14.653950,2026-03-10T08:55:28.339102
2026-03-11,BUF-SJS-2026-03-11,2026-03-11T00:00:00+01:00,BUF,SJS,away,3.35,0.42,0.29851,0.40645,100.0,lost,0.0,-100.0,home,2026-03-10T08:55:49.417784,2026-03-11T08:54:48.384551
2026-03-11,NYR-CGY-2026-03-11,2026-03-11T00:00:00+01:00,NYR,CGY,away,2.55,0.469,0.39216,0.19716,100.0,lost,0.0,-100.0,home,2026-03-10T08:55:49.417805,2026-03-11T08:54:48.384805
2026-03-11,COL-EDM-2026-03-11,2026-03-11T03:00:00+01:00,COL,EDM,away,3.1,0.423,0.32258,0.31101,100.0,won,310.0,210.0,away,2026-03-10T08:55:49.417826,2026-03-11T08:54:48.384846
2026-03-13,BUF-WSH-2026-03-13,2026-03-13T00:00:00+01:00,BUF,WSH,away,3.4,0.487,0.29412,0.6564,100.0,won,340.0,240.0,away,2026-03-12T08:55:40.080073,2026-03-13T08:53:04.705950
2026-03-13,WPG-NYR-2026-03-13,2026-03-13T01:00:00+01:00,WPG,NYR,away,2.9,0.419,0.34483,0.21478,100.0,won,290.0,190.0,away,2026-03-12T08:55:40.080110,2026-03-13T08:53:04.706268
2026-03-13,UTA-CHI-2026-03-13,2026-03-13T02:00:00+01:00,UTA,CHI,away,3.9,0.461,0.25641,0.79788,100.0,lost,0.0,-100.0,draw,2026-03-12T08:55:40.080119,2026-03-13T08:53:04.706308
2026-03-13,SEA-COL-2026-03-13,2026-03-13T03:00:00+01:00,SEA,COL,home,3.35,0.566,0.29851,0.89516,100.0,lost,0.0,-100.0,away,2026-03-12T08:55:40.080127,2026-03-13T08:53:04.706343
2026-03-14,STL-EDM-2026-03-14,2026-03-14T01:00:00+01:00,STL,EDM,home,2.75,0.46,0.36364,0.26534,100.0,lost,0.0,-100.0,draw,2026-03-13T08:53:27.846819,2026-03-14T08:47:28.010064
2026-03-14,WPG-COL-2026-03-14,2026-03-14T21:00:00+01:00,WPG,COL,home,3.15,0.474,0.31746,0.49223,100.0,won,315.0,215.0,home,2026-03-14T08:47:49.237059,2026-03-15T08:49:12.006034
2026-03-14,MIN-NYR-2026-03-14,2026-03-14T23:00:00+01:00,MIN,NYR,away,3.85,0.362,0.25974,0.393,100.0,won,385.0,285.0,away,2026-03-14T08:47:49.237076,2026-03-15T08:49:12.006283
2026-03-15,MTL-SJS-2026-03-15,2026-03-15T00:00:00+01:00,MTL,SJS,away,3.0,0.39,0.33333,0.17049,100.0,won,300.0,200.0,away,2026-03-14T08:47:49.237086,2026-03-15T08:49:12.373809
2026-03-15,BUF-TOR-2026-03-15,2026-03-15T00:00:00+01:00,BUF,TOR,away,3.95,0.379,0.25316,0.49513,100.0,lost,0.0,-100.0,draw,2026-03-14T08:47:49.237095,2026-03-15T08:49:12.374080
2026-03-15,DAL-DET-2026-03-15,2026-03-15T01:00:00+01:00,DAL,DET,away,3.05,0.395,0.32787,0.20488,100.0,lost,0.0,-100.0,draw,2026-03-14T08:47:49.237103,2026-03-15T08:49:12.374115
2026-03-15,OTT-SJS-2026-03-15,2026-03-15T22:00:00+01:00,OTT,SJS,away,3.7,0.385,0.27027,0.42395,100.0,lost,0.0,-100.0,home,2026-03-15T08:49:36.339363,2026-03-16T09:07:54.792799
2026-03-16,SEA-FLA-2026-03-16,2026-03-16T01:00:00+01:00,SEA,FLA,home,2.55,0.583,0.39216,0.48697,100.0,won,255.0,155.0,home,2026-03-15T08:49:36.339402,2026-03-16T09:07:54.867773
2026-03-16,EDM-NSH-2026-03-16,2026-03-16T01:00:00+01:00,EDM,NSH,away,3.1,0.425,0.32258,0.3183,100.0,lost,0.0,-100.0,home,2026-03-15T08:49:36.339410,2026-03-16T09:07:54.868014
2026-03-17,DET-CGY-2026-03-17,2026-03-17T00:00:00+01:00,DET,CGY,away,3.2,0.388,0.3125,0.2432,100.0,lost,0.0,-100.0,home,2026-03-16T09:08:15.403197,2026-03-17T09:01:32.863005
2026-03-17,COL-PIT-2026-03-17,2026-03-17T02:30:00+01:00,COL,PIT,away,3.9,0.333,0.25641,0.30006,100.0,won,390.0,290.0,away,2026-03-16T09:08:15.403216,2026-03-17T09:01:32.863315
2026-03-18,CBJ-CAR-2026-03-18,2026-03-18T00:00:00+01:00,CBJ,CAR,home,2.6,0.477,0.38462,0.23964,100.0,won,260.0,160.0,home,2026-03-17T09:01:54.401853,2026-03-18T09:00:43.210856
2026-03-18,CHI-MIN-2026-03-18,2026-03-18T00:30:00+01:00,CHI,MIN,home,3.15,0.371,0.31746,0.16731,100.0,lost,0.0,-100.0,draw,2026-03-17T09:01:54.401870,2026-03-18T09:00:43.211118
2026-03-18,SEA-TBL-2026-03-18,2026-03-18T03:00:00+01:00,SEA,TBL,home,3.15,0.483,0.31746,0.52161,100.0,lost,0.0,-100.0,away,2026-03-17T09:01:54.401888,2026-03-18T09:00:43.211149
2026-03-19,WSH-OTT-2026-03-19,2026-03-19T00:30:00+01:00,WSH,OTT,home,2.45,0.513,0.40816,0.25602,100.0,won,245.0,145.0,home,2026-03-18T09:01:02.982549,2026-03-19T08:54:59.954026
2026-03-21,TOR-CAR-2026-03-21,2026-03-21T00:00:00+01:00,TOR,CAR,home,3.35,0.345,0.29851,0.15549,100.0,lost,0.0,-100.0,draw,2026-03-20T08:53:49.371380,2026-03-21T08:43:35.585885
2026-03-22,WSH-COL-2026-03-22,2026-03-22T17:30:00+01:00,WSH,COL,home,2.85,0.436,0.35088,0.2417,100.0,lost,0.0,-100.0,draw,2026-03-22T08:46:04.623819,2026-03-23T09:07:42.077457
2026-03-23,NYI-CBJ-2026-03-23,2026-03-23T00:00:00+01:00,NYI,CBJ,home,2.35,0.496,0.42553,0.16493,100.0,won,235.0,135.0,home,2026-03-22T08:46:04.623858,2026-03-23T09:07:42.147169
2026-03-23,DAL-VGK-2026-03-23,2026-03-23T00:00:00+01:00,DAL,VGK,away,2.7,0.458,0.37037,0.23609,100.0,won,270.0,170.0,away,2026-03-22T08:46:04.623870,2026-03-23T09:07:42.147396
2026-03-24,NYR-OTT-2026-03-24,2026-03-24T00:30:00+01:00,NYR,OTT,home,3.2,0.465,0.3125,0.48717,100.0,lost,0.0,-100.0,away,2026-03-23T09:08:01.151083,2026-03-24T09:01:32.302106
2026-03-25,PHI-CBJ-2026-03-25,2026-03-25T00:00:00+01:00,PHI,CBJ,home,2.65,0.539,0.37736,0.42928,100.0,lost,0.0,-100.0,away,2026-03-24T09:01:57.221819,2026-03-25T09:01:01.438973
2026-03-25,WPG-VGK-2026-03-25,2026-03-25T01:00:00+01:00,WPG,VGK,home,2.55,0.452,0.39216,0.15168,100.0,won,255.0,155.0,home,2026-03-24T09:01:57.221836,2026-03-25T09:01:01.439235
2026-03-25,CGY-LAK-2026-03-25,2026-03-25T02:00:00+01:00,CGY,LAK,home,2.7,0.437,0.37037,0.18105,100.0,lost,0.0,-100.0,draw,2026-03-24T09:01:57.221846,2026-03-25T09:01:01.439269
2026-03-25,VAN-ANA-2026-03-25,2026-03-25T03:00:00+01:00,VAN,ANA,home,3.0,0.385,0.33333,0.15415,100.0,lost,0.0,-100.0,away,2026-03-24T09:01:57.221855,2026-03-25T09:01:01.439302
2026-03-27,NYI-DAL-2026-03-27,2026-03-27T00:00:00+01:00,NYI,DAL,home,2.5,0.467,0.4,0.16725,100.0,won,250.0,150.0,home,2026-03-26T09:08:10.654556,2026-03-27T09:02:58.682942
2026-03-27,WPG-COL-2026-03-27,2026-03-27T01:00:00+01:00,WPG,COL,home,3.1,0.445,0.32258,0.3791,100.0,lost,0.0,-100.0,away,2026-03-26T09:08:10.654568,2026-03-27T09:02:58.683206
2026-03-27,CGY-ANA-2026-03-27,2026-03-27T02:00:00+01:00,CGY,ANA,home,2.7,0.441,0.37037,0.19175,100.0,lost,0.0,-100.0,draw,2026-03-26T09:08:10.654577,2026-03-27T09:02:58.683241
2026-03-28,NYI-FLA-2026-03-28,2026-03-28T18:00:00+01:00,NYI,FLA,away,3.2,0.434,0.3125,0.38954,100.0,lost,0.0,-100.0,home,2026-03-28T08:52:00.277065,2026-03-29T08:52:28.960206
2026-03-28,CBJ-SJS-2026-03-28,2026-03-28T22:00:00+01:00,CBJ,SJS,away,3.65,0.361,0.27397,0.31735,100.0,won,365.0,265.0,away,2026-03-28T08:52:00.277082,2026-03-29T08:52:28.960523
2026-03-28,BOS-MIN-2026-03-28,2026-03-28T22:00:00+01:00,BOS,MIN,home,2.65,0.455,0.37736,0.20631,100.0,won,265.0,165.0,home,2026-03-28T08:52:00.277093,2026-03-29T08:52:28.960559
2026-03-28,PIT-DAL-2026-03-28,2026-03-28T22:00:00+01:00,PIT,DAL,home,2.65,0.486,0.37736,0.28665,100.0,lost,0.0,-100.0,away,2026-03-28T08:52:00.277102,2026-03-29T08:52:28.960588
2026-03-29,TBL-NSH-2026-03-29,2026-03-29T23:00:00+02:00,TBL,NSH,away,3.35,0.375,0.29851,0.25536,100.0,lost,0.0,-100.0,home,2026-03-29T08:52:53.094938,2026-03-30T09:22:42.585089
2026-03-30,PHI-DAL-2026-03-30,2026-03-30T01:00:00+02:00,PHI,DAL,home,2.85,0.543,0.35088,0.54825,100.0,lost,0.0,-100.0,draw,2026-03-29T08:52:53.094956,2026-03-30T09:22:42.750826
2026-03-31,ANA-TOR-2026-03-31,2026-03-31T04:00:00+02:00,ANA,TOR,away,3.3,0.352,0.30303,0.16213,100.0,lost,0.0,-100.0,draw,2026-03-30T09:23:07.526954,2026-03-31T09:11:49.603061
2026-04-01,BOS-DAL-2026-04-01,2026-04-01T01:00:00+02:00,BOS,DAL,home,2.45,0.506,0.40816,0.23915,100.0,won,245.0,145.0,home,2026-03-31T09:12:09.507827,2026-04-01T09:18:16.046540
2026-04-01,FLA-OTT-2026-04-01,2026-04-01T01:00:00+02:00,FLA,OTT,home,2.95,0.441,0.33898,0.30223,100.0,won,295.0,195.0,home,2026-03-31T09:12:09.507845,2026-04-01T09:18:16.046786
2026-04-01,CHI-WPG-2026-04-01,2026-04-01T02:30:00+02:00,CHI,WPG,home,2.75,0.426,0.36364,0.17084,100.0,lost,0.0,-100.0,draw,2026-03-31T09:12:09.507855,2026-04-01T09:18:16.046816
2026-04-02,LAK-STL-2026-04-02,2026-04-02T03:00:00+02:00,LAK,STL,away,2.7,0.473,0.37037,0.27795,100.0,lost,0.0,-100.0,draw,2026-04-01T09:18:39.099575,2026-04-02T09:09:52.978174
2026-04-03,PHI-DET-2026-04-03,2026-04-03T01:00:00+02:00,PHI,DET,home,2.35,0.51,0.42553,0.19957,100.0,lost,0.0,-100.0,away,2026-04-02T09:10:17.283158,2026-04-03T09:04:46.948912
2026-04-03,OTT-BUF-2026-04-03,2026-04-03T01:00:00+02:00,OTT,BUF,home,2.25,0.566,0.44444,0.27386,100.0,won,225.0,125.0,home,2026-04-02T09:10:17.283178,2026-04-03T09:04:46.949158
2026-04-04,NYR-DET-2026-04-04,2026-04-04T18:30:00+02:00,NYR,DET,home,2.65,0.479,0.37736,0.26815,100.0,won,265.0,165.0,home,2026-04-04T08:53:40.845092,2026-04-05T08:56:22.004131
2026-04-04,PIT-FLA-2026-04-04,2026-04-04T23:00:00+02:00,PIT,FLA,away,3.45,0.439,0.28986,0.51532,100.0,lost,0.0,-100.0,home,2026-04-04T08:53:40.845110,2026-04-05T08:56:22.004415
2026-04-05,LAK-TOR-2026-04-05,2026-04-05T01:00:00+02:00,LAK,TOR,away,3.05,0.379,0.32787,0.1546,100.0,lost,0.0,-100.0,draw,2026-04-04T08:53:40.845121,2026-04-05T08:56:22.385777
2026-04-05,CAR-NYI-2026-04-05,2026-04-05T01:00:00+02:00,CAR,NYI,away,3.95,0.303,0.25316,0.19861,100.0,lost,0.0,-100.0,home,2026-04-04T08:53:40.845130,2026-04-05T08:56:22.386018
2026-04-05,WSH-BUF-2026-04-05,2026-04-05T01:00:00+02:00,WSH,BUF,home,2.35,0.498,0.42553,0.17058,100.0,won,235.0,135.0,home,2026-04-04T08:53:40.845147,2026-04-05T08:56:22.386082
2026-04-05,PIT-FLA-2026-04-05,2026-04-05T21:00:00+02:00,PIT,FLA,away,3.95,0.475,0.25316,0.87623,100.0,lost,0.0,-100.0,home,2026-04-05T08:56:44.732955,2026-04-06T09:17:50.926621
2026-04-06,COL-STL-2026-04-06,2026-04-06T03:30:00+02:00,COL,STL,away,3.9,0.315,0.25641,0.22714,100.0,won,390.0,290.0,away,2026-04-05T08:56:44.732971,2026-04-06T09:17:51.249679
2026-04-08,MTL-FLA-2026-04-08,2026-04-08T01:00:00+02:00,MTL,FLA,away,3.7,0.366,0.27027,0.35239,100.0,lost,0.0,-100.0,draw,2026-04-07T09:14:46.117268,2026-04-08T09:13:46.777955
2026-04-08,STL-COL-2026-04-08,2026-04-08T02:00:00+02:00,STL,COL,home,2.8,0.463,0.35714,0.29549,100.0,lost,0.0,-100.0,away,2026-04-07T09:14:46.117287,2026-04-08T09:13:46.778206
2026-04-10,CHI-CAR-2026-04-10,2026-04-10T02:30:00+02:00,CHI,CAR,home,3.8,0.396,0.26316,0.50642,100.0,lost,0.0,-100.0,away,2026-04-09T09:19:52.071463,2026-04-10T09:19:18.488495
2026-04-10,UTA-NSH-2026-04-10,2026-04-10T03:00:00+02:00,UTA,NSH,draw,3.95,0.338,0.25316,0.33498,100.0,lost,0.0,-100.0,home,2026-04-09T09:19:52.071484,2026-04-10T09:19:18.488745
2026-04-10,SEA-VGK-2026-04-10,2026-04-10T04:00:00+02:00,SEA,VGK,home,3.1,0.379,0.32258,0.17614,100.0,lost,0.0,-100.0,draw,2026-04-09T09:19:52.071493,2026-04-10T09:19:18.488779
2026-04-11,NYI-OTT-2026-04-11,2026-04-11T19:00:00+02:00,NYI,OTT,home,2.4,0.489,0.41667,0.17385,100.0,lost,0.0,-100.0,away,2026-04-11T08:55:47.219310,2026-04-12T08:59:39.121216
2026-04-11,PIT-WSH-2026-04-11,2026-04-11T21:00:00+02:00,PIT,WSH,away,2.45,0.478,0.40816,0.1719,100.0,won,245.0,145.0,away,2026-04-11T08:55:47.219331,2026-04-12T08:59:39.121504
2026-04-11,UTA-CAR-2026-04-11,2026-04-11T23:00:00+02:00,UTA,CAR,home,2.35,0.501,0.42553,0.17837,100.0,lost,0.0,-100.0,away,2026-04-11T08:55:47.219342,2026-04-12T08:59:39.121543
2026-04-12,TOR-FLA-2026-04-12,2026-04-12T01:00:00+02:00,TOR,FLA,away,2.65,0.537,0.37736,0.42249,100.0,won,265.0,165.0,away,2026-04-11T08:55:47.219352,2026-04-12T08:59:39.175048
2026-04-12,SEA-CGY-2026-04-12,2026-04-12T01:00:00+02:00,SEA,CGY,away,2.8,0.449,0.35714,0.25772,100.0,lost,0.0,-100.0,home,2026-04-11T08:55:47.219361,2026-04-12T08:59:39.175281
2026-04-12,SJS-VAN-2026-04-12,2026-04-12T04:00:00+02:00,SJS,VAN,away,3.8,0.385,0.26316,0.4613,100.0,lost,0.0,-100.0,draw,2026-04-11T08:55:47.219370,2026-04-12T08:59:39.175340
2026-04-13,CGY-UTA-2026-04-13,2026-04-13T03:00:00+02:00,CGY,UTA,draw,3.9,0.414,0.25641,0.61615,100.0,lost,0.0,-100.0,home,2026-04-12T08:59:53.370759,2026-04-13T10:03:17.145273
2026-04-14,TOR-DAL-2026-04-14,2026-04-14T01:30:00+02:00,TOR,DAL,home,2.9,0.415,0.34483,0.20396,100.0,lost,0.0,-100.0,away,2026-04-13T10:03:36.520869,2026-04-14T09:27:30.558528
2026-04-14,CHI-BUF-2026-04-14,2026-04-14T02:30:00+02:00,CHI,BUF,home,3.35,0.421,0.29851,0.41131,100.0,lost,0.0,-100.0,away,2026-04-13T10:03:36.520891,2026-04-14T09:27:30.558806
2026-04-15,PHI-MTL-2026-04-15,2026-04-15T01:00:00+02:00,PHI,MTL,home,2.85,0.466,0.35088,0.32864,100.0,won,285.0,185.0,home,2026-04-14T09:27:46.691127,2026-04-15T09:43:28.808900
2026-04-15,UTA-WPG-2026-04-15,2026-04-15T03:00:00+02:00,UTA,WPG,away,2.9,0.4,0.34483,0.16142,100.0,lost,0.0,-100.0,home,2026-04-14T09:27:46.691149,2026-04-15T09:43:28.809164
2026-04-17,UTA-STL-2026-04-17,2026-04-17T01:30:00+02:00,UTA,STL,home,2.3,0.51,0.43478,0.17412,100.0,lost,0.0,-100.0,away,2026-04-16T09:27:31.458119,2026-04-17T09:26:08.318418
2026-04-17,WPG-SJS-2026-04-17,2026-04-17T02:00:00+02:00,WPG,SJS,away,2.85,0.406,0.35088,0.15656,100.0,won,285.0,185.0,away,2026-04-16T09:27:31.458137,2026-04-17T09:26:08.318677
2026-04-17,CGY-LAK-2026-04-17,2026-04-17T03:00:00+02:00,CGY,LAK,home,2.7,0.444,0.37037,0.19882,100.0,won,270.0,170.0,home,2026-04-16T09:27:31.458192,2026-04-17T09:26:08.318710
2026-04-23,EDM-ANA-2026-04-23,2026-04-23T04:00:00+02:00,EDM,ANA,away,3.25,0.38,0.30769,0.23462,100.0,lost,0.0,-100.0,home,2026-04-22T09:44:31.464735,2026-04-23T09:52:02.580206
2026-04-25,ANA-EDM-2026-04-25,2026-04-25T04:00:00+02:00,ANA,EDM,home,2.7,0.443,0.37037,0.19582,100.0,won,270.0,170.0,home,2026-04-24T09:51:43.341492,2026-04-25T09:03:58.115707
2026-05-03,CAR-PHI-2026-05-03,2026-05-03T02:00:00+02:00,CAR,PHI,away,3.6,0.328,0.27778,0.18232,100.0,lost,0.0,-100.0,home,2026-05-02T09:15:12.997125,2026-05-03T09:26:43.009063
2026-05-04,COL-MIN-2026-05-04,2026-05-04T03:00:00+02:00,COL,MIN,away,3.2,0.361,0.3125,0.1547,100.0,lost,0.0,-100.0,home,2026-05-02T09:15:12.997142,2026-05-04T10:20:50.450714
2026-05-05,CAR-PHI-2026-05-05,2026-05-05T01:00:00+02:00,CAR,PHI,away,3.9,0.371,0.25641,0.44659,100.0,lost,0.0,-100.0,home,2026-05-03T09:27:00.462968,2026-05-05T10:09:20.726431
2026-05-06,COL-MIN-2026-05-06,2026-05-06T02:00:00+02:00,COL,MIN,away,3.4,0.379,0.29412,0.28955,100.0,lost,0.0,-100.0,home,2026-05-04T10:21:05.365842,2026-05-06T10:25:11.436946
2026-05-08,PHI-CAR-2026-05-08,2026-05-08T02:00:00+02:00,PHI,CAR,home,3.0,0.424,0.33333,0.27208,100.0,lost,0.0,-100.0,away,2026-05-06T10:25:29.651242,2026-05-08T09:46:47.022704
2026-05-10,PHI-CAR-2026-05-10,2026-05-10T00:00:00+02:00,PHI,CAR,home,3.25,0.415,0.30769,0.34887,100.0,lost,0.0,-100.0,away,2026-05-08T09:47:05.287365,2026-05-10T09:44:33.545345
2026-05-14,COL-MIN-2026-05-14,2026-05-14T02:00:00+02:00,COL,MIN,away,3.4,0.443,0.29412,0.50746,100.0,lost,0.0,-100.0,draw,2026-05-12T10:39:23.055563,2026-05-14T10:27:51.638489
2026-05-21,COL-VGK-2026-05-21,2026-05-21T02:00:00+02:00,COL,VGK,away,3.25,0.357,0.30769,0.15913,100.0,won,325.0,225.0,away,2026-05-19T11:28:35.193960,2026-05-21T11:32:53.413520
2026-05-23,COL-VGK-2026-05-23,2026-05-23T02:00:00+02:00,COL,VGK,home,1.87,0.623,0.53476,0.16501,100.0,lost,0.0,-100.0,away,2026-05-21T11:33:12.432008,2026-05-23T10:01:01.182496
2026-05-24,CAR-MTL-2026-05-24,2026-05-24T01:00:00+02:00,CAR,MTL,away,3.5,0.332,0.28571,0.16288,100.0,won,350.0,250.0,away,2026-05-22T10:57:25.575580,2026-05-24T10:01:58.563627
2026-05-25,VGK-COL-2026-05-25,2026-05-25T02:00:00+02:00,VGK,COL,home,2.75,0.503,0.36364,0.38432,100.0,won,275.0,175.0,home,2026-05-23T10:01:17.034827,2026-05-25T11:58:03.766604
2026-05-26,MTL-CAR-2026-05-26,2026-05-26T02:00:00+02:00,MTL,CAR,home,2.7,0.443,0.37037,0.19701,100.0,lost,0.0,-100.0,draw,2026-05-24T10:02:18.541553,2026-05-27T11:45:05.695589
2026-05-27,VGK-COL-2026-05-27,2026-05-27T03:00:00+02:00,VGK,COL,home,2.55,0.536,0.39216,0.36602,100.0,won,255.0,155.0,home,2026-05-25T11:58:18.818187,2026-05-27T11:45:05.831358
2026-05-28,MTL-CAR-2026-05-28,2026-05-28T02:00:00+02:00,MTL,CAR,home,2.9,0.439,0.34483,0.27355,100.0,lost,0.0,-100.0,draw,2026-05-27T11:45:23.590571,2026-05-28T11:44:59.182448
2026-05-30,CAR-MTL-2026-05-30,2026-05-30T02:00:00+02:00,CAR,MTL,away,3.85,0.328,0.25974,0.26379,100.0,lost,0.0,-100.0,home,2026-05-28T11:45:14.800093,2026-05-30T10:07:37.222350
2026-06-03,CAR-VGK-2026-06-03,2026-06-03T02:00:00+02:00,CAR,VGK,home,2.05,0.612,0.4878,0.25379,100.0,lost,0.0,-100.0,away,2026-05-31T10:22:07.153101,2026-06-03T12:48:07.766507
2026-06-07,VGK-CAR-2026-06-07,2026-06-07T02:00:00+02:00,VGK,CAR,home,2.45,0.565,0.40816,0.38455,100.0,lost,0.0,-100.0,draw,2026-06-05T11:34:41.154081,2026-06-07T10:33:55.821898
2026-06-10,VGK-CAR-2026-06-10,2026-06-10T02:00:00+02:00,VGK,CAR,home,2.4,0.512,0.41667,0.22863,100.0,pending,0.0,0.0,,2026-06-08T12:40:24.860804,2026-06-08T12:40:24.860804
